Type,BundleitemSKU,Short,Long,Description,Vendor,ID
Item,,P-SH011-1Y-@vendor-@ph1,P-SH011-1Y-@vendor-@ph1-@sku,PASSport 8x5  HTL  - @sku - 1Y - Vendor AHR,@vendor,
Item,,P-SH011-3Y-@vendor-@ph1,P-SH011-3Y-@vendor-@ph1-@sku,PASSport 8x5  HTL  - @sku - 3Y - Vendor AHR,@vendor,
Item,,P-SH011-5Y-@vendor-@ph1,P-SH011-5Y-@vendor-@ph1-@sku,PASSport 8x5  HTL  - @sku - 5Y - Vendor AHR,@vendor,
Item,,P-SH012-1Y-@vendor-@ph1,P-SH012-1Y-@vendor-@ph1-@sku,PASSport 24x7  HTL  - @sku - 1Y - Vendor AHR,@vendor,
Item,,P-SH012-3Y-@vendor-@ph1,P-SH012-3Y-@vendor-@ph1-@sku,PASSport 24x7  HTL  - @sku - 3Y - Vendor AHR,@vendor,
Item,,P-SH012-5Y-@vendor-@ph1,P-SH012-5Y-@vendor-@ph1-@sku,PASSport 24x7  HTL  - @sku - 5Y - Vendor AHR,@vendor,
Item,,P-SH011-1Y-@vendor-R@ph2,P-SH011-1Y-@vendor-R@ph2-@sku,PASSport 8x5  HTL RNW  - @sku - 1Y,@vendor,
Item,,P-SH011-3Y-@vendor-R@ph2,P-SH011-3Y-@vendor-R@ph2-@sku,PASSport 8x5  HTL RNW  - @sku - 3Y,@vendor,
Item,,P-SH011-5Y-@vendor-R@ph2,P-SH011-5Y-@vendor-R@ph2-@sku,PASSport 8x5  HTL RNW  - @sku - 5Y,@vendor,
Item,,P-SH012-1Y-@vendor-R@ph2,P-SH012-1Y-@vendor-R@ph2-@sku,PASSport 24x7  HTL RNW  - @sku - 1Y,@vendor,
Item,,P-SH012-3Y-@vendor-R@ph2,P-SH012-3Y-@vendor-R@ph2-@sku,PASSport 24x7  HTL RNW  - @sku - 3Y,@vendor,
Item,,P-SH012-5Y-@vendor-R@ph2,P-SH012-5Y-@vendor-R@ph2-@sku,PASSport 24x7  HTL RNW  - @sku - 5Y,@vendor,
Item,,P-SR021-1Y-@vendor-@ph1,P-SR021-1Y-@vendor-@ph1-@sku,PASSport AHR NBD - @sku - 1Y,@vendor,
Item,,P-SR021-3Y-@vendor-@ph1,P-SR021-3Y-@vendor-@ph1-@sku,PASSport AHR NBD - @sku - 3Y,@vendor,
Item,,P-SR021-5Y-@vendor-@ph1,P-SR021-5Y-@vendor-@ph1-@sku,PASSport AHR NBD - @sku - 5Y,@vendor,
Item,,P-SR022-1Y-@vendor-@ph1,P-SR022-1Y-@vendor-@ph1-@sku,PASSport AHR 4H - @sku - 1Y,@vendor,
Item,,P-SR022-3Y-@vendor-@ph1,P-SR022-3Y-@vendor-@ph1-@sku,PASSport AHR 4H - @sku - 3Y,@vendor,
Item,,P-SR022-5Y-@vendor-@ph1,P-SR022-5Y-@vendor-@ph1-@sku,PASSport AHR 4H - @sku - 5Y,@vendor,
Item,,P-SR023-1Y-@vendor-@ph1,P-SR023-1Y-@vendor-@ph1-@sku,PASSport AHR NDD - @sku - 1Y,@vendor,
Item,,P-SR023-3Y-@vendor-@ph1,P-SR023-3Y-@vendor-@ph1-@sku,PASSport AHR NDD - @sku - 3Y,@vendor,
Item,,P-SR023-5Y-@vendor-@ph1,P-SR023-5Y-@vendor-@ph1-@sku,PASSport AHR NDD - @sku - 5Y,@vendor,
Item,,P-SR024-1Y-@vendor-@ph1,P-SR024-1Y-@vendor-@ph1-@sku,PASSport AHR Best Effort - @sku - 1Y,@vendor,
Item,,P-SR024-3Y-@vendor-@ph1,P-SR024-3Y-@vendor-@ph1-@sku,PASSport AHR Best Effort - @sku - 3Y,@vendor,
Item,,P-SR024-5Y-@vendor-@ph1,P-SR024-5Y-@vendor-@ph1-@sku,PASSport AHR Best Effort - @sku - 5Y,@vendor,
Item,,P-SR031-1Y-@vendor-@ph1,P-SR031-1Y-@vendor-@ph1-@sku,PASSport AHR NBD + Ons. Eng. - @sku - 1Y,@vendor,
Item,,P-SR031-3Y-@vendor-@ph1,P-SR031-3Y-@vendor-@ph1-@sku,PASSport AHR NBD + Ons. Eng.  - @sku - 3Y,@vendor,
Item,,P-SR031-5Y-@vendor-@ph1,P-SR031-5Y-@vendor-@ph1-@sku,PASSport AHR NBD + Ons. Eng.  - @sku - 5Y,@vendor,
Item,,P-SR032-1Y-@vendor-@ph1,P-SR032-1Y-@vendor-@ph1-@sku,PASSport AHR 4H + Ons. Eng.  - @sku - 1Y,@vendor,
Item,,P-SR032-3Y-@vendor-@ph1,P-SR032-3Y-@vendor-@ph1-@sku,PASSport AHR 4H + Ons. Eng.  - @sku - 3Y,@vendor,
Item,,P-SR032-5Y-@vendor-@ph1,P-SR032-5Y-@vendor-@ph1-@sku,PASSport AHR 4H + Ons. Eng.  - @sku - 5Y,@vendor,
Item,,P-SR033-1Y-@vendor-@ph1,P-SR033-1Y-@vendor-@ph1-@sku,PASSport AHR NDD + Ons. Eng.  - @sku - 1Y,@vendor,
Item,,P-SR033-3Y-@vendor-@ph1,P-SR033-3Y-@vendor-@ph1-@sku,PASSport AHR NDD + Ons. Eng.  - @sku - 3Y,@vendor,
Item,,P-SR033-5Y-@vendor-@ph1,P-SR033-5Y-@vendor-@ph1-@sku,PASSport AHR NDD + Ons. Eng.  - @sku - 5Y,@vendor,
Item,,P-SR034-1Y-@vendor-@ph1,P-SR034-1Y-@vendor-@ph1-@sku,PASSport AHR Best Effort  + Ons. Eng. - @sku - 1Y,@vendor,
Item,,P-SR034-3Y-@vendor-@ph1,P-SR034-3Y-@vendor-@ph1-@sku,PASSport AHR Best Effort + Ons. Eng.  - @sku - 3Y,@vendor,
Item,,P-SR034-5Y-@vendor-@ph1,P-SR034-5Y-@vendor-@ph1-@sku,PASSport AHR Best Effort + Ons. Eng.  - @sku - 5Y,@vendor,
Item,,P-SR021-1Y-@vendor-R@ph2,P-SR021-1Y-@vendor-R@ph2-@sku,PASSport AHR RNW NBD - @sku - 1Y,@vendor,
Item,,P-SR021-3Y-@vendor-R@ph2,P-SR021-3Y-@vendor-R@ph2-@sku,PASSport AHR RNW NBD - @sku - 3Y,@vendor,
Item,,P-SR021-5Y-@vendor-R@ph2,P-SR021-5Y-@vendor-R@ph2-@sku,PASSport AHR RNW NBD - @sku - 5Y,@vendor,
Item,,P-SR022-1Y-@vendor-R@ph2,P-SR022-1Y-@vendor-R@ph2-@sku,PASSport AHR RNW 4H - @sku - 1Y,@vendor,
Item,,P-SR022-3Y-@vendor-R@ph2,P-SR022-3Y-@vendor-R@ph2-@sku,PASSport AHR RNW 4H - @sku - 3Y,@vendor,
Item,,P-SR022-5Y-@vendor-R@ph2,P-SR022-5Y-@vendor-R@ph2-@sku,PASSport AHR RNW 4H - @sku - 5Y,@vendor,
Item,,P-SR023-1Y-@vendor-R@ph2,P-SR023-1Y-@vendor-R@ph2-@sku,PASSport AHR RNW NDD - @sku - 1Y,@vendor,
Item,,P-SR023-3Y-@vendor-R@ph2,P-SR023-3Y-@vendor-R@ph2-@sku,PASSport AHR RNW NDD - @sku - 3Y,@vendor,
Item,,P-SR023-5Y-@vendor-R@ph2,P-SR023-5Y-@vendor-R@ph2-@sku,PASSport AHR RNW NDD - @sku - 5Y,@vendor,
Item,,P-SR024-1Y-@vendor-R@ph2,P-SR024-1Y-@vendor-R@ph2-@sku,PASSport AHR RNW Best Effort - @sku - 1Y,@vendor,
Item,,P-SR024-3Y-@vendor-R@ph2,P-SR024-3Y-@vendor-R@ph2-@sku,PASSport AHR RNW Best Effort - @sku - 3Y,@vendor,
Item,,P-SR024-5Y-@vendor-R@ph2,P-SR024-5Y-@vendor-R@ph2-@sku,PASSport AHR RNW Best Effort - @sku - 5Y,@vendor,
Item,,P-SR031-1Y-@vendor-R@ph2,P-SR031-1Y-@vendor-R@ph2-@sku,PASSport AHR RNW NBD + Ons. Eng. - @sku - 1Y,@vendor,
Item,,P-SR031-3Y-@vendor-R@ph2,P-SR031-3Y-@vendor-R@ph2-@sku,PASSport AHR RNW NBD + Ons. Eng.  - @sku - 3Y,@vendor,
Item,,P-SR031-5Y-@vendor-R@ph2,P-SR031-5Y-@vendor-R@ph2-@sku,PASSport AHR RNW NBD + Ons. Eng.  - @sku - 5Y,@vendor,
Item,,P-SR032-1Y-@vendor-R@ph2,P-SR032-1Y-@vendor-R@ph2-@sku,PASSport AHR RNW 4H + Ons. Eng.  - @sku - 1Y,@vendor,
Item,,P-SR032-3Y-@vendor-R@ph2,P-SR032-3Y-@vendor-R@ph2-@sku,PASSport AHR RNW 4H + Ons. Eng.  - @sku - 3Y,@vendor,
Item,,P-SR032-5Y-@vendor-R@ph2,P-SR032-5Y-@vendor-R@ph2-@sku,PASSport AHR RNW 4H + Ons. Eng.  - @sku - 5Y,@vendor,
Item,,P-SR033-1Y-@vendor-R@ph2,P-SR033-1Y-@vendor-R@ph2-@sku,PASSport AHR RNW NDD + Ons. Eng.  - @sku - 1Y,@vendor,
Item,,P-SR033-3Y-@vendor-R@ph2,P-SR033-3Y-@vendor-R@ph2-@sku,PASSport AHR RNW NDD + Ons. Eng.  - @sku - 3Y,@vendor,
Item,,P-SR033-5Y-@vendor-R@ph2,P-SR033-5Y-@vendor-R@ph2-@sku,PASSport AHR RNW NDD + Ons. Eng.  - @sku - 5Y,@vendor,
Item,,P-SR034-1Y-@vendor-R@ph2,P-SR034-1Y-@vendor-R@ph2-@sku,PASSport AHR RNW Best Effort  + Ons. Eng. - @sku - 1Y,@vendor,
Item,,P-SR034-3Y-@vendor-R@ph2,P-SR034-3Y-@vendor-R@ph2-@sku,PASSport AHR RNW Best Effort + Ons. Eng.  - @sku - 3Y,@vendor,
Item,,P-SR034-5Y-@vendor-R@ph2,P-SR034-5Y-@vendor-R@ph2-@sku,PASSport AHR RNW Best Effort + Ons. Eng.  - @sku - 5Y,@vendor,
BundleItem,,P-SB051-1Y-@vendor-@ph1,P-SB051-1Y-@vendor-@ph1-@sku,PASSport 8x5xNBD Bundle @sku - 1Y,@vendor,
Component,P-SB051-1Y-@vendor-@ph1-@sku,P-SH011-1Y-@vendor-@ph1,P-SH011-1Y-@vendor-@ph1-@sku,PASSport 8x5  HTL  - @sku - 1Y - Vendor AHR,@vendor,
Component,P-SB051-1Y-@vendor-@ph1-@sku,P-SR021-1Y-@vendor-@ph1,P-SR021-1Y-@vendor-@ph1-@sku,PASSport AHR NBD - @sku - 1Y,@vendor,
BundleItem,,P-SB051-3Y-@vendor-@ph1,P-SB051-3Y-@vendor-@ph1-@sku,PASSport 8x5xNBD Bundle @sku - 3Y,@vendor,
Component,P-SB051-3Y-@vendor-@ph1-@sku,P-SH011-3Y-@vendor-@ph1,P-SH011-3Y-@vendor-@ph1-@sku,PASSport 8x5  HTL  - @sku - 3Y - Vendor AHR,@vendor,
Component,P-SB051-3Y-@vendor-@ph1-@sku,P-SR021-3Y-@vendor-@ph1,P-SR021-3Y-@vendor-@ph1-@sku,PASSport AHR NBD - @sku - 3Y,@vendor,
BundleItem,,P-SB051-5Y-@vendor-@ph1,P-SB051-5Y-@vendor-@ph1-@sku,PASSport 8x5xNBD Bundle @sku - 5Y,@vendor,
Component,P-SB051-5Y-@vendor-@ph1-@sku,P-SH011-5Y-@vendor-@ph1,P-SH011-5Y-@vendor-@ph1-@sku,PASSport 8x5  HTL  - @sku - 5Y - Vendor AHR,@vendor,
Component,P-SB051-5Y-@vendor-@ph1-@sku,P-SR021-5Y-@vendor-@ph1,P-SR021-5Y-@vendor-@ph1-@sku,PASSport AHR NBD - @sku - 5Y,@vendor,
BundleItem,,P-SB052-1Y-@vendor-@ph1,P-SB052-1Y-@vendor-@ph1-@sku,PASSport 24x7x4 Bundle @sku - 1Y,@vendor,
Component,P-SB052-1Y-@vendor-@ph1-@sku,P-SH012-1Y-@vendor-@ph1,P-SH012-1Y-@vendor-@ph1-@sku,PASSport 24x7  HTL  - @sku - 1Y - Vendor AHR,@vendor,
Component,P-SB052-1Y-@vendor-@ph1-@sku,P-SR022-1Y-@vendor-@ph1,P-SR022-1Y-@vendor-@ph1-@sku,PASSport AHR 4H - @sku - 1Y,@vendor,
BundleItem,,P-SB052-3Y-@vendor-@ph1,P-SB052-3Y-@vendor-@ph1-@sku,PASSport 24x7x4 Bundle @sku - 3Y,@vendor,
Component,P-SB052-3Y-@vendor-@ph1-@sku,P-SH012-3Y-@vendor-@ph1,P-SH012-3Y-@vendor-@ph1-@sku,PASSport 24x7  HTL  - @sku - 3Y - Vendor AHR,@vendor,
Component,P-SB052-3Y-@vendor-@ph1-@sku,P-SR022-3Y-@vendor-@ph1,P-SR022-3Y-@vendor-@ph1-@sku,PASSport AHR 4H - @sku - 3Y,@vendor,
BundleItem,,P-SB052-5Y-@vendor-@ph1,P-SB052-5Y-@vendor-@ph1-@sku,PASSport 24x7x4 Bundle @sku - 5Y,@vendor,
Component,P-SB052-5Y-@vendor-@ph1-@sku,P-SH012-5Y-@vendor-@ph1,P-SH012-5Y-@vendor-@ph1-@sku,PASSport 24x7  HTL  - @sku - 5Y - Vendor AHR,@vendor,
Component,P-SB052-5Y-@vendor-@ph1-@sku,P-SR022-5Y-@vendor-@ph1,P-SR022-5Y-@vendor-@ph1-@sku,PASSport AHR 4H - @sku - 5Y,@vendor,
BundleItem,,P-SB053-1Y-@vendor-@ph1,P-SB053-1Y-@vendor-@ph1-@sku,PASSport 24x7xNDD Bundle @sku - 1Y,@vendor,
Component,P-SB053-1Y-@vendor-@ph1-@sku,P-SH012-1Y-@vendor-@ph1,P-SH012-1Y-@vendor-@ph1-@sku,PASSport 24x7  HTL  - @sku - 1Y - Vendor AHR,@vendor,
Component,P-SB053-1Y-@vendor-@ph1-@sku,P-SR023-1Y-@vendor-@ph1,P-SR023-1Y-@vendor-@ph1-@sku,PASSport AHR NDD - @sku - 1Y,@vendor,
BundleItem,,P-SB053-3Y-@vendor-@ph1,P-SB053-3Y-@vendor-@ph1-@sku,PASSport 24x7xNDD Bundle @sku - 3Y,@vendor,
Component,P-SB053-3Y-@vendor-@ph1-@sku,P-SH012-3Y-@vendor-@ph1,P-SH012-3Y-@vendor-@ph1-@sku,PASSport 24x7  HTL  - @sku - 3Y - Vendor AHR,@vendor,
Component,P-SB053-3Y-@vendor-@ph1-@sku,P-SR023-3Y-@vendor-@ph1,P-SR023-3Y-@vendor-@ph1-@sku,PASSport AHR NDD - @sku - 3Y,@vendor,
BundleItem,,P-SB053-5Y-@vendor-@ph1,P-SB053-5Y-@vendor-@ph1-@sku,PASSport 24x7xNDD Bundle @sku - 5Y,@vendor,
Component,P-SB053-5Y-@vendor-@ph1-@sku,P-SH012-5Y-@vendor-@ph1,P-SH012-5Y-@vendor-@ph1-@sku,PASSport 24x7  HTL  - @sku - 5Y - Vendor AHR,@vendor,
Component,P-SB053-5Y-@vendor-@ph1-@sku,P-SR023-5Y-@vendor-@ph1,P-SR023-5Y-@vendor-@ph1-@sku,PASSport AHR NDD - @sku - 5Y,@vendor,
BundleItem,,P-SB055-1Y-@vendor-@ph1,P-SB055-1Y-@vendor-@ph1-@sku,PASSport 8x5xBest Effort Bundle @sku - 1Y,@vendor,
Component,P-SB055-1Y-@vendor-@ph1-@sku,P-SH011-1Y-@vendor-@ph1,P-SH011-1Y-@vendor-@ph1-@sku,PASSport 8x5  HTL  - @sku - 1Y - Vendor AHR,@vendor,
Component,P-SB055-1Y-@vendor-@ph1-@sku,P-SR024-1Y-@vendor-@ph1,P-SR024-1Y-@vendor-@ph1-@sku,PASSport AHR Best Effort - @sku - 1Y,@vendor,
BundleItem,,P-SB055-3Y-@vendor-@ph1,P-SB055-3Y-@vendor-@ph1-@sku,PASSport 8x5xBest Effort Bundle @sku - 3Y,@vendor,
Component,P-SB055-3Y-@vendor-@ph1-@sku,P-SH011-3Y-@vendor-@ph1,P-SH011-3Y-@vendor-@ph1-@sku,PASSport 8x5  HTL  - @sku - 3Y - Vendor AHR,@vendor,
Component,P-SB055-3Y-@vendor-@ph1-@sku,P-SR024-3Y-@vendor-@ph1,P-SR024-3Y-@vendor-@ph1-@sku,PASSport AHR Best Effort - @sku - 3Y,@vendor,
BundleItem,,P-SB055-5Y-@vendor-@ph1,P-SB055-5Y-@vendor-@ph1-@sku,PASSport 8x5xBest Effort Bundle @sku - 5Y,@vendor,
Component,P-SB055-5Y-@vendor-@ph1-@sku,P-SH011-5Y-@vendor-@ph1,P-SH011-5Y-@vendor-@ph1-@sku,PASSport 8x5  HTL  - @sku - 5Y - Vendor AHR,@vendor,
Component,P-SB055-5Y-@vendor-@ph1-@sku,P-SR024-5Y-@vendor-@ph1,P-SR024-5Y-@vendor-@ph1-@sku,PASSport AHR Best Effort - @sku - 5Y,@vendor,
BundleItem,,P-SB051-1Y-@vendor-R@ph2,P-SB051-1Y-@vendor-R@ph2-@sku,PASSport 8x5xNBD Bundle RNW @sku - 1Y,@vendor,
Component,P-SB051-1Y-@vendor-R@ph2-@sku,P-SH011-1Y-@vendor-R@ph2,P-SH011-1Y-@vendor-R@ph2-@sku,PASSport 8x5  HTL RNW  - @sku - 1Y - Vendor AHR,@vendor,
Component,P-SB051-1Y-@vendor-R@ph2-@sku,P-SR021-1Y-@vendor-R@ph2,P-SR021-1Y-@vendor-R@ph2-@sku,PASSport AHR RNW NBD - @sku - 1Y,@vendor,
BundleItem,,P-SB051-3Y-@vendor-R@ph2,P-SB051-3Y-@vendor-R@ph2-@sku,PASSport 8x5xNBD Bundle RNW @sku - 3Y,@vendor,
Component,P-SB051-3Y-@vendor-R@ph2-@sku,P-SH011-3Y-@vendor-R@ph2,P-SH011-3Y-@vendor-R@ph2-@sku,PASSport 8x5  HTL RNW  - @sku - 3Y - Vendor AHR,@vendor,
Component,P-SB051-3Y-@vendor-R@ph2-@sku,P-SR021-3Y-@vendor-R@ph2,P-SR021-3Y-@vendor-R@ph2-@sku,PASSport AHR RNW NBD - @sku - 3Y,@vendor,
BundleItem,,P-SB051-5Y-@vendor-R@ph2,P-SB051-5Y-@vendor-R@ph2-@sku,PASSport 8x5xNBD Bundle RNW @sku - 5Y,@vendor,
Component,P-SB051-5Y-@vendor-R@ph2-@sku,P-SH011-5Y-@vendor-R@ph2,P-SH011-5Y-@vendor-R@ph2-@sku,PASSport 8x5  HTL RNW  - @sku - 5Y - Vendor AHR,@vendor,
Component,P-SB051-5Y-@vendor-R@ph2-@sku,P-SR021-5Y-@vendor-R@ph2,P-SR021-5Y-@vendor-R@ph2-@sku,PASSport AHR RNW NBD - @sku - 5Y,@vendor,
BundleItem,,P-SB052-1Y-@vendor-R@ph2,P-SB052-1Y-@vendor-R@ph2-@sku,PASSport 24x7x4 Bundle RNW @sku - 1Y,@vendor,
Component,P-SB052-1Y-@vendor-R@ph2-@sku,P-SH012-1Y-@vendor-R@ph2,P-SH012-1Y-@vendor-R@ph2-@sku,PASSport 24x7  HTL RNW  - @sku - 1Y - Vendor AHR,@vendor,
Component,P-SB052-1Y-@vendor-R@ph2-@sku,P-SR022-1Y-@vendor-R@ph2,P-SR022-1Y-@vendor-R@ph2-@sku,PASSport AHR RNW 4H - @sku - 1Y,@vendor,
BundleItem,,P-SB052-3Y-@vendor-R@ph2,P-SB052-3Y-@vendor-R@ph2-@sku,PASSport 24x7x4 Bundle RNW @sku - 3Y,@vendor,
Component,P-SB052-3Y-@vendor-R@ph2-@sku,P-SH012-3Y-@vendor-R@ph2,P-SH012-3Y-@vendor-R@ph2-@sku,PASSport 24x7  HTL RNW  - @sku - 3Y - Vendor AHR,@vendor,
Component,P-SB052-3Y-@vendor-R@ph2-@sku,P-SR022-3Y-@vendor-R@ph2,P-SR022-3Y-@vendor-R@ph2-@sku,PASSport AHR RNW 4H - @sku - 3Y,@vendor,
BundleItem,,P-SB052-5Y-@vendor-R@ph2,P-SB052-5Y-@vendor-R@ph2-@sku,PASSport 24x7x4 Bundle RNW @sku - 5Y,@vendor,
Component,P-SB052-5Y-@vendor-R@ph2-@sku,P-SH012-5Y-@vendor-R@ph2,P-SH012-5Y-@vendor-R@ph2-@sku,PASSport 24x7  HTL RNW  - @sku - 5Y - Vendor AHR,@vendor,
Component,P-SB052-5Y-@vendor-R@ph2-@sku,P-SR022-5Y-@vendor-R@ph2,P-SR022-5Y-@vendor-R@ph2-@sku,PASSport AHR RNW 4H - @sku - 5Y,@vendor,
BundleItem,,P-SB053-1Y-@vendor-R@ph2,P-SB053-1Y-@vendor-R@ph2-@sku,PASSport 24x7xNDD Bundle RNW @sku - 1Y,@vendor,
Component,P-SB053-1Y-@vendor-R@ph2-@sku,P-SH012-1Y-@vendor-R@ph2,P-SH012-1Y-@vendor-R@ph2-@sku,PASSport 24x7  HTL RNW  - @sku - 1Y - Vendor AHR,@vendor,
Component,P-SB053-1Y-@vendor-R@ph2-@sku,P-SR023-1Y-@vendor-R@ph2,P-SR023-1Y-@vendor-R@ph2-@sku,PASSport AHR RNW NDD - @sku - 1Y,@vendor,
BundleItem,,P-SB053-3Y-@vendor-R@ph2,P-SB053-3Y-@vendor-R@ph2-@sku,PASSport 24x7xNDD Bundle RNW @sku - 3Y,@vendor,
Component,P-SB053-3Y-@vendor-R@ph2-@sku,P-SH012-3Y-@vendor-R@ph2,P-SH012-3Y-@vendor-R@ph2-@sku,PASSport 24x7  HTL RNW  - @sku - 3Y - Vendor AHR,@vendor,
Component,P-SB053-3Y-@vendor-R@ph2-@sku,P-SR023-3Y-@vendor-R@ph2,P-SR023-3Y-@vendor-R@ph2-@sku,PASSport AHR RNW NDD - @sku - 3Y,@vendor,
BundleItem,,P-SB053-5Y-@vendor-R@ph2,P-SB053-5Y-@vendor-R@ph2-@sku,PASSport 24x7xNDD Bundle RNW @sku - 5Y,@vendor,
Component,P-SB053-5Y-@vendor-R@ph2-@sku,P-SH012-5Y-@vendor-R@ph2,P-SH012-5Y-@vendor-R@ph2-@sku,PASSport 24x7  HTL RNW  - @sku - 5Y - Vendor AHR,@vendor,
Component,P-SB053-5Y-@vendor-R@ph2-@sku,P-SR023-5Y-@vendor-R@ph2,P-SR023-5Y-@vendor-R@ph2-@sku,PASSport AHR RNW NDD - @sku - 5Y,@vendor,
BundleItem,,P-SB055-1Y-@vendor-R@ph2,P-SB055-1Y-@vendor-R@ph2-@sku,PASSport 8x5xBest Effort Bundle RNW @sku - 1Y,@vendor,
Component,P-SB055-1Y-@vendor-R@ph2-@sku,P-SH011-1Y-@vendor-R@ph2,P-SH011-1Y-@vendor-R@ph2-@sku,PASSport 8x5  HTL RNW  - @sku - 1Y - Vendor AHR,@vendor,
Component,P-SB055-1Y-@vendor-R@ph2-@sku,P-SR024-1Y-@vendor-R@ph2,P-SR024-1Y-@vendor-R@ph2-@sku,PASSport AHR RNW Best Effort - @sku - 1Y,@vendor,
BundleItem,,P-SB055-3Y-@vendor-R@ph2,P-SB055-3Y-@vendor-R@ph2-@sku,PASSport 8x5xBest Effort Bundle RNW @sku - 3Y,@vendor,
Component,P-SB055-3Y-@vendor-R@ph2-@sku,P-SH011-3Y-@vendor-R@ph2,P-SH011-3Y-@vendor-R@ph2-@sku,PASSport 8x5  HTL RNW  - @sku - 3Y - Vendor AHR,@vendor,
Component,P-SB055-3Y-@vendor-R@ph2-@sku,P-SR024-3Y-@vendor-R@ph2,P-SR024-3Y-@vendor-R@ph2-@sku,PASSport AHR RNW Best Effort - @sku - 3Y,@vendor,
BundleItem,,P-SB055-5Y-@vendor-R@ph2,P-SB055-5Y-@vendor-R@ph2-@sku,PASSport 8x5xBest Effort Bundle RNW @sku - 5Y,@vendor,
Component,P-SB055-5Y-@vendor-R@ph2-@sku,P-SH011-5Y-@vendor-R@ph2,P-SH011-5Y-@vendor-R@ph2-@sku,PASSport 8x5  HTL RNW  - @sku - 5Y - Vendor AHR,@vendor,
Component,P-SB055-5Y-@vendor-R@ph2-@sku,P-SR024-5Y-@vendor-R@ph2,P-SR024-5Y-@vendor-R@ph2-@sku,PASSport AHR RNW Best Effort - @sku - 5Y,@vendor,
BundleItem,,P-SB061-1Y-@vendor-@ph1,P-SB061-1Y-@vendor-@ph1-@sku,PASSport 8x5xNBD Bundle with Ons. Eng. @sku - 1Y,@vendor,
Component,P-SB061-1Y-@vendor-@ph1-@sku,P-SH011-1Y-@vendor-@ph1,P-SH011-1Y-@vendor-@ph1-@sku,PASSport 8x5  HTL  - @sku - 1Y - Vendor AHR,@vendor,
Component,P-SB061-1Y-@vendor-@ph1-@sku,P-SR031-1Y-@vendor-@ph1,P-SR031-1Y-@vendor-@ph1-@sku,PASSport AHR NBD + Ons. Eng. - @sku - 1Y,@vendor,
BundleItem,,P-SB061-3Y-@vendor-@ph1,P-SB061-3Y-@vendor-@ph1-@sku,PASSport 8x5xNBD Bundle with Ons. Eng. @sku - 3Y,@vendor,
Component,P-SB061-3Y-@vendor-@ph1-@sku,P-SH011-3Y-@vendor-@ph1,P-SH011-3Y-@vendor-@ph1-@sku,PASSport 8x5  HTL  - @sku - 3Y - Vendor AHR,@vendor,
Component,P-SB061-3Y-@vendor-@ph1-@sku,P-SR031-3Y-@vendor-@ph1,P-SR031-3Y-@vendor-@ph1-@sku,PASSport AHR NBD + Ons. Eng.  - @sku - 3Y,@vendor,
BundleItem,,P-SB061-5Y-@vendor-@ph1,P-SB061-5Y-@vendor-@ph1-@sku,PASSport 8x5xNBD Bundle with Ons. Eng. @sku - 5Y,@vendor,
Component,P-SB061-5Y-@vendor-@ph1-@sku,P-SH011-5Y-@vendor-@ph1,P-SH011-5Y-@vendor-@ph1-@sku,PASSport 8x5  HTL  - @sku - 5Y - Vendor AHR,@vendor,
Component,P-SB061-5Y-@vendor-@ph1-@sku,P-SR031-5Y-@vendor-@ph1,P-SR031-5Y-@vendor-@ph1-@sku,PASSport AHR NBD + Ons. Eng.  - @sku - 5Y,@vendor,
BundleItem,,P-SB062-1Y-@vendor-@ph1,P-SB062-1Y-@vendor-@ph1-@sku,PASSport 24x7x4 Bundle with Ons. Eng. @sku - 1Y,@vendor,
Component,P-SB062-1Y-@vendor-@ph1-@sku,P-SH012-1Y-@vendor-@ph1,P-SH012-1Y-@vendor-@ph1-@sku,PASSport 24x7  HTL  - @sku - 1Y - Vendor AHR,@vendor,
Component,P-SB062-1Y-@vendor-@ph1-@sku,P-SR032-1Y-@vendor-@ph1,P-SR032-1Y-@vendor-@ph1-@sku,PASSport AHR 4H + Ons. Eng.  - @sku - 1Y,@vendor,
BundleItem,,P-SB062-3Y-@vendor-@ph1,P-SB062-3Y-@vendor-@ph1-@sku,PASSport 24x7x4 Bundle with Ons. Eng. @sku - 3Y,@vendor,
Component,P-SB062-3Y-@vendor-@ph1-@sku,P-SH012-3Y-@vendor-@ph1,P-SH012-3Y-@vendor-@ph1-@sku,PASSport 24x7  HTL  - @sku - 3Y - Vendor AHR,@vendor,
Component,P-SB062-3Y-@vendor-@ph1-@sku,P-SR032-3Y-@vendor-@ph1,P-SR032-3Y-@vendor-@ph1-@sku,PASSport AHR 4H + Ons. Eng.  - @sku - 3Y,@vendor,
BundleItem,,P-SB062-5Y-@vendor-@ph1,P-SB062-5Y-@vendor-@ph1-@sku,PASSport 24x7x4 Bundle with Ons. Eng. @sku - 5Y,@vendor,
Component,P-SB062-5Y-@vendor-@ph1-@sku,P-SH012-5Y-@vendor-@ph1,P-SH012-5Y-@vendor-@ph1-@sku,PASSport 24x7  HTL  - @sku - 5Y - Vendor AHR,@vendor,
Component,P-SB062-5Y-@vendor-@ph1-@sku,P-SR032-5Y-@vendor-@ph1,P-SR032-5Y-@vendor-@ph1-@sku,PASSport AHR 4H + Ons. Eng.  - @sku - 5Y,@vendor,
BundleItem,,P-SB063-1Y-@vendor-@ph1,P-SB063-1Y-@vendor-@ph1-@sku,PASSport 24x7xNDD Bundle with Ons. Eng. @sku - 1Y,@vendor,
Component,P-SB063-1Y-@vendor-@ph1-@sku,P-SH012-1Y-@vendor-@ph1,P-SH012-1Y-@vendor-@ph1-@sku,PASSport 24x7  HTL  - @sku - 1Y - Vendor AHR,@vendor,
Component,P-SB063-1Y-@vendor-@ph1-@sku,P-SR033-1Y-@vendor-@ph1,P-SR033-1Y-@vendor-@ph1-@sku,PASSport AHR NDD + Ons. Eng.  - @sku - 1Y,@vendor,
BundleItem,,P-SB063-3Y-@vendor-@ph1,P-SB063-3Y-@vendor-@ph1-@sku,PASSport 24x7xNDD Bundle with Ons. Eng. @sku - 3Y,@vendor,
Component,P-SB063-3Y-@vendor-@ph1-@sku,P-SH012-3Y-@vendor-@ph1,P-SH012-3Y-@vendor-@ph1-@sku,PASSport 24x7  HTL  - @sku - 3Y - Vendor AHR,@vendor,
Component,P-SB063-3Y-@vendor-@ph1-@sku,P-SR033-3Y-@vendor-@ph1,P-SR033-3Y-@vendor-@ph1-@sku,PASSport AHR NDD + Ons. Eng.  - @sku - 3Y,@vendor,
BundleItem,,P-SB063-5Y-@vendor-@ph1,P-SB063-5Y-@vendor-@ph1-@sku,PASSport 24x7xNDD Bundle with Ons. Eng. @sku - 5Y,@vendor,
Component,P-SB063-5Y-@vendor-@ph1-@sku,P-SH012-5Y-@vendor-@ph1,P-SH012-5Y-@vendor-@ph1-@sku,PASSport 24x7  HTL  - @sku - 5Y - Vendor AHR,@vendor,
Component,P-SB063-5Y-@vendor-@ph1-@sku,P-SR033-5Y-@vendor-@ph1,P-SR033-5Y-@vendor-@ph1-@sku,PASSport AHR NDD + Ons. Eng.  - @sku - 5Y,@vendor,
BundleItem,,P-SB064-1Y-@vendor-@ph1,P-SB064-1Y-@vendor-@ph1-@sku,PASSport 8x5xBest Effort Bundle with Ons. Eng. @sku - 1Y,@vendor,
Component,P-SB064-1Y-@vendor-@ph1-@sku,P-SH011-1Y-@vendor-@ph1,P-SH011-1Y-@vendor-@ph1-@sku,PASSport 8x5  HTL  - @sku - 1Y - Vendor AHR,@vendor,
Component,P-SB064-1Y-@vendor-@ph1-@sku,P-SR034-1Y-@vendor-@ph1,P-SR034-1Y-@vendor-@ph1-@sku,PASSport AHR Best Effort  + Ons. Eng. - @sku - 1Y,@vendor,
BundleItem,,P-SB064-3Y-@vendor-@ph1,P-SB064-3Y-@vendor-@ph1-@sku,PASSport 8x5xBest Effort Bundle with Ons. Eng. @sku - 3Y,@vendor,
Component,P-SB064-3Y-@vendor-@ph1-@sku,P-SH011-3Y-@vendor-@ph1,P-SH011-3Y-@vendor-@ph1-@sku,PASSport 8x5  HTL  - @sku - 3Y - Vendor AHR,@vendor,
Component,P-SB064-3Y-@vendor-@ph1-@sku,P-SR034-3Y-@vendor-@ph1,P-SR034-3Y-@vendor-@ph1-@sku,PASSport AHR Best Effort  + Ons. Eng. - @sku - 3Y,@vendor,
BundleItem,,P-SB064-5Y-@vendor-@ph1,P-SB064-5Y-@vendor-@ph1-@sku,PASSport 8x5xBest Effort Bundle with Ons. Eng. @sku - 5Y,@vendor,
Component,P-SB064-5Y-@vendor-@ph1-@sku,P-SH011-5Y-@vendor-@ph1,P-SH011-5Y-@vendor-@ph1-@sku,PASSport 8x5  HTL  - @sku - 5Y - Vendor AHR,@vendor,
Component,P-SB064-5Y-@vendor-@ph1-@sku,P-SR034-5Y-@vendor-@ph1,P-SR034-5Y-@vendor-@ph1-@sku,PASSport AHR Best Effort  + Ons. Eng. - @sku - 5Y,@vendor,
BundleItem,,P-SB061-1Y-@vendor-R@ph2,P-SB061-1Y-@vendor-R@ph2-@sku,PASSport 8x5xNBD Bundle RNW with Ons. Eng. @sku - 1Y,@vendor,
Component,P-SB061-1Y-@vendor-R@ph2-@sku,P-SH011-1Y-@vendor-R@ph2,P-SH011-1Y-@vendor-R@ph2-@sku,PASSport 8x5  HTL RNW  - @sku - 1Y - Vendor AHR,@vendor,
Component,P-SB061-1Y-@vendor-R@ph2-@sku,P-SR031-1Y-@vendor-R@ph2,P-SR031-1Y-@vendor-R@ph2-@sku,PASSport AHR RNW NBD + Ons. Eng. - @sku - 1Y,@vendor,
BundleItem,,P-SB061-3Y-@vendor-R@ph2,P-SB061-3Y-@vendor-R@ph2-@sku,PASSport 8x5xNBD Bundle RNW with Ons. Eng. @sku - 3Y,@vendor,
Component,P-SB061-3Y-@vendor-R@ph2-@sku,P-SH011-3Y-@vendor-R@ph2,P-SH011-3Y-@vendor-R@ph2-@sku,PASSport 8x5  HTL RNW  - @sku - 3Y - Vendor AHR,@vendor,
Component,P-SB061-3Y-@vendor-R@ph2-@sku,P-SR031-3Y-@vendor-R@ph2,P-SR031-3Y-@vendor-R@ph2-@sku,PASSport AHR RNW NBD + Ons. Eng.  - @sku - 3Y,@vendor,
BundleItem,,P-SB061-5Y-@vendor-R@ph2,P-SB061-5Y-@vendor-R@ph2-@sku,PASSport 8x5xNBD Bundle RNW with Ons. Eng. @sku - 5Y,@vendor,
Component,P-SB061-5Y-@vendor-R@ph2-@sku,P-SH011-5Y-@vendor-R@ph2,P-SH011-5Y-@vendor-R@ph2-@sku,PASSport 8x5  HTL RNW  - @sku - 5Y - Vendor AHR,@vendor,
Component,P-SB061-5Y-@vendor-R@ph2-@sku,P-SR031-5Y-@vendor-R@ph2,P-SR031-5Y-@vendor-R@ph2-@sku,PASSport AHR RNW NBD + Ons. Eng.  - @sku - 5Y,@vendor,
BundleItem,,P-SB062-1Y-@vendor-R@ph2,P-SB062-1Y-@vendor-R@ph2-@sku,PASSport 24x7x4 Bundle RNW with Ons. Eng. @sku - 1Y,@vendor,
Component,P-SB062-1Y-@vendor-R@ph2-@sku,P-SH012-1Y-@vendor-R@ph2,P-SH012-1Y-@vendor-R@ph2-@sku,PASSport 24x7  HTL RNW  - @sku - 1Y - Vendor AHR,@vendor,
Component,P-SB062-1Y-@vendor-R@ph2-@sku,P-SR032-1Y-@vendor-R@ph2,P-SR032-1Y-@vendor-R@ph2-@sku,PASSport AHR RNW 4H + Ons. Eng.  - @sku - 1Y,@vendor,
BundleItem,,P-SB062-3Y-@vendor-R@ph2,P-SB062-3Y-@vendor-R@ph2-@sku,PASSport 24x7x4 Bundle RNW with Ons. Eng. @sku - 3Y,@vendor,
Component,P-SB062-3Y-@vendor-R@ph2-@sku,P-SH012-3Y-@vendor-R@ph2,P-SH012-3Y-@vendor-R@ph2-@sku,PASSport 24x7  HTL RNW  - @sku - 3Y - Vendor AHR,@vendor,
Component,P-SB062-3Y-@vendor-R@ph2-@sku,P-SR032-3Y-@vendor-R@ph2,P-SR032-3Y-@vendor-R@ph2-@sku,PASSport AHR RNW 4H + Ons. Eng.  - @sku - 3Y,@vendor,
BundleItem,,P-SB062-5Y-@vendor-R@ph2,P-SB062-5Y-@vendor-R@ph2-@sku,PASSport 24x7x4 Bundle RNW with Ons. Eng. @sku - 5Y,@vendor,
Component,P-SB062-5Y-@vendor-R@ph2-@sku,P-SH012-5Y-@vendor-R@ph2,P-SH012-5Y-@vendor-R@ph2-@sku,PASSport 24x7  HTL RNW  - @sku - 5Y - Vendor AHR,@vendor,
Component,P-SB062-5Y-@vendor-R@ph2-@sku,P-SR032-5Y-@vendor-R@ph2,P-SR032-5Y-@vendor-R@ph2-@sku,PASSport AHR RNW 4H + Ons. Eng.  - @sku - 5Y,@vendor,
BundleItem,,P-SB063-1Y-@vendor-R@ph2,P-SB063-1Y-@vendor-R@ph2-@sku,PASSport 24x7xNDD Bundle RNW with Ons. Eng. @sku - 1Y,@vendor,
Component,P-SB063-1Y-@vendor-R@ph2-@sku,P-SH012-1Y-@vendor-R@ph2,P-SH012-1Y-@vendor-R@ph2-@sku,PASSport 24x7  HTL RNW  - @sku - 1Y - Vendor AHR,@vendor,
Component,P-SB063-1Y-@vendor-R@ph2-@sku,P-SR033-1Y-@vendor-R@ph2,P-SR033-1Y-@vendor-R@ph2-@sku,PASSport AHR RNW NDD + Ons. Eng.  - @sku - 1Y,@vendor,
BundleItem,,P-SB063-3Y-@vendor-R@ph2,P-SB063-3Y-@vendor-R@ph2-@sku,PASSport 24x7xNDD Bundle RNW with Ons. Eng. @sku - 3Y,@vendor,
Component,P-SB063-3Y-@vendor-R@ph2-@sku,P-SH012-3Y-@vendor-R@ph2,P-SH012-3Y-@vendor-R@ph2-@sku,PASSport 24x7  HTL RNW  - @sku - 3Y - Vendor AHR,@vendor,
Component,P-SB063-3Y-@vendor-R@ph2-@sku,P-SR033-3Y-@vendor-R@ph2,P-SR033-3Y-@vendor-R@ph2-@sku,PASSport AHR RNW NDD + Ons. Eng.  - @sku - 3Y,@vendor,
BundleItem,,P-SB063-5Y-@vendor-R@ph2,P-SB063-5Y-@vendor-R@ph2-@sku,PASSport 24x7xNDD Bundle RNW with Ons. Eng. @sku - 5Y,@vendor,
Component,P-SB063-5Y-@vendor-R@ph2-@sku,P-SH012-5Y-@vendor-R@ph2,P-SH012-5Y-@vendor-R@ph2-@sku,PASSport 24x7  HTL RNW  - @sku - 5Y - Vendor AHR,@vendor,
Component,P-SB063-5Y-@vendor-R@ph2-@sku,P-SR033-5Y-@vendor-R@ph2,P-SR033-5Y-@vendor-R@ph2-@sku,PASSport AHR RNW NDD + Ons. Eng.  - @sku - 5Y,@vendor,
BundleItem,,P-SB064-1Y-@vendor-R@ph2,P-SB064-1Y-@vendor-R@ph2-@sku,PASSport 8x5xBest Effort Bundle RNW with Ons. Eng. @sku - 1Y,@vendor,
Component,P-SB064-1Y-@vendor-R@ph2-@sku,P-SH011-1Y-@vendor-R@ph2,P-SH011-1Y-@vendor-R@ph2-@sku,PASSport 8x5  HTL RNW  - @sku - 1Y - Vendor AHR,@vendor,
Component,P-SB064-1Y-@vendor-R@ph2-@sku,P-SR034-1Y-@vendor-R@ph2,P-SR034-1Y-@vendor-R@ph2-@sku,PASSport AHR RNW Best Effort  + Ons. Eng. - @sku - 1Y,@vendor,
BundleItem,,P-SB064-3Y-@vendor-R@ph2,P-SB064-3Y-@vendor-R@ph2-@sku,PASSport 8x5xBest Effort Bundle RNW with Ons. Eng. @sku - 3Y,@vendor,
Component,P-SB064-3Y-@vendor-R@ph2-@sku,P-SH011-3Y-@vendor-R@ph2,P-SH011-3Y-@vendor-R@ph2-@sku,PASSport 8x5  HTL RNW  - @sku - 3Y - Vendor AHR,@vendor,
Component,P-SB064-3Y-@vendor-R@ph2-@sku,P-SR034-3Y-@vendor-R@ph2,P-SR034-3Y-@vendor-R@ph2-@sku,PASSport AHR RNW Best Effort  + Ons. Eng. - @sku - 3Y,@vendor,
BundleItem,,P-SB064-5Y-@vendor-R@ph2,P-SB064-5Y-@vendor-R@ph2-@sku,PASSport 8x5xBest Effort Bundle RNW with Ons. Eng. @sku - 5Y,@vendor,
Component,P-SB064-5Y-@vendor-R@ph2-@sku,P-SH011-5Y-@vendor-R@ph2,P-SH011-5Y-@vendor-R@ph2-@sku,PASSport 8x5  HTL RNW  - @sku - 5Y - Vendor AHR,@vendor,
Component,P-SB064-5Y-@vendor-R@ph2-@sku,P-SR034-5Y-@vendor-R@ph2,P-SR034-5Y-@vendor-R@ph2-@sku,PASSport AHR RNW Best Effort  + Ons. Eng. - @sku - 5Y,@vendor,
